MM/DD/YYYY hh:mm:ss.SSS,Temp,Humidity,Library_Version,Session_type,Device_Number,Battery_Voltage,Motor_Turns,FR,Event,Active_Poke,Left_Poke_Count,Right_Poke_Count,Pellet_Count,Block_Pellet_Count,Retrieval_Time,InterPelletInterval,Poke_Time
03/01/2025 10:27:29.817,23.55,62.23,1.16.3,Free_feed,15,3.71,2,0,Pellet,Left,0,0,6,0,Timed_out,-6151,NaN
03/01/2025 10:27:36.134,23.57,62.19,1.16.3,Free_feed,15,3.72,NaN,0,PelletInWell,Left,0,0,6,0,NaN,NaN,NaN
03/01/2025 10:34:08.400,23.85,61.70,1.16.3,Free_feed,15,3.72,1,0,Pellet,Left,0,0,7,0,Timed_out,398,NaN
03/01/2025 10:34:14.218,23.85,61.69,1.16.3,Free_feed,15,3.72,NaN,0,PelletInWell,Left,0,0,7,0,NaN,NaN,NaN
03/01/2025 10:41:03.045,23.92,61.62,1.16.3,Free_feed,15,3.73,NaN,0,RightWithPellet,Left,0,1,7,0,NaN,NaN,0.16
03/01/2025 10:46:21.304,23.77,61.84,1.16.3,Free_feed,15,3.73,1,0,Pellet,Left,0,1,8,0,Timed_out,733,NaN
03/01/2025 10:46:27.648,23.80,61.82,1.16.3,Free_feed,15,3.73,NaN,0,PelletInWell,Left,0,1,8,0,NaN,NaN,NaN
03/01/2025 10:48:57.220,23.81,61.58,1.16.3,Free_feed,15,3.73,1,0,Pellet,Left,0,1,9,0,Timed_out,156,NaN
03/01/2025 10:49:03.555,23.83,61.56,1.16.3,Free_feed,15,3.73,NaN,0,PelletInWell,Left,0,1,9,0,NaN,NaN,NaN
03/01/2025 11:45:34.219,23.59,61.38,1.16.3,Free_feed,15,3.76,NaN,0,LeftWithPellet,Left,1,1,9,0,NaN,NaN,0.83
03/01/2025 11:45:37.126,23.60,61.38,1.16.3,Free_feed,15,3.76,1,0,Pellet,Left,1,1,10,0,Timed_out,3400,NaN
03/01/2025 11:45:42.848,23.58,61.38,1.16.3,Free_feed,15,3.76,NaN,0,PelletInWell,Left,1,1,10,0,NaN,NaN,NaN
03/01/2025 11:46:44.911,23.55,61.40,1.16.3,Free_feed,15,3.77,1,0,Pellet,Left,1,1,11,0,Timed_out,68,NaN
03/01/2025 11:46:51.475,23.53,61.40,1.16.3,Free_feed,15,3.77,NaN,0,PelletInWell,Left,1,1,11,0,NaN,NaN,NaN
03/01/2025 11:58:30.919,23.39,61.44,1.16.3,Free_feed,15,3.78,NaN,0,RightWithPellet,Left,1,2,11,0,NaN,NaN,0.94
03/01/2025 11:59:14.304,23.41,61.33,1.16.3,Free_feed,15,3.78,2,0,Pellet,Left,1,2,12,0,Timed_out,749,NaN
03/01/2025 11:59:20.672,23.40,61.35,1.16.3,Free_feed,15,3.77,NaN,0,PelletInWell,Left,1,2,12,0,NaN,NaN,NaN
03/01/2025 12:00:24.956,23.40,61.31,1.16.3,Free_feed,15,3.77,NaN,0,RightWithPellet,Left,1,3,12,0,NaN,NaN,0.26
03/01/2025 12:00:25.893,23.42,61.30,1.16.3,Free_feed,15,3.77,NaN,0,RightWithPellet,Left,1,4,12,0,NaN,NaN,0.16
03/01/2025 12:03:58.222,23.40,61.24,1.16.3,Free_feed,15,3.77,NaN,0,RightWithPellet,Left,1,5,12,0,NaN,NaN,0.01
03/01/2025 12:03:58.925,23.38,61.26,1.16.3,Free_feed,15,3.78,NaN,0,RightWithPellet,Left,1,6,12,0,NaN,NaN,0.19
03/01/2025 12:04:00.667,23.38,61.21,1.16.3,Free_feed,15,3.78,2,0,Pellet,Left,1,6,13,0,Timed_out,287,NaN
03/01/2025 12:04:06.584,23.38,61.27,1.16.3,Free_feed,15,3.78,NaN,0,PelletInWell,Left,1,6,13,0,NaN,NaN,NaN
03/01/2025 12:04:47.383,23.39,61.24,1.16.3,Free_feed,15,3.78,1,0,Pellet,Left,1,6,14,0,40.84,47,NaN
03/01/2025 12:04:53.701,23.39,61.24,1.16.3,Free_feed,15,3.77,NaN,0,PelletInWell,Left,1,6,14,0,NaN,NaN,NaN
03/01/2025 12:13:25.211,23.80,61.30,1.16.3,Free_feed,15,3.78,NaN,0,LeftWithPellet,Left,2,6,14,0,NaN,NaN,0.01
03/01/2025 12:20:34.442,23.61,62.00,1.16.3,Free_feed,15,3.79,1,0,Pellet,Left,2,6,15,0,Timed_out,947,NaN
03/01/2025 12:20:40.847,23.60,62.00,1.16.3,Free_feed,15,3.78,NaN,0,PelletInWell,Left,2,6,15,0,NaN,NaN,NaN
03/01/2025 12:27:13.529,23.57,61.91,1.16.3,Free_feed,15,3.79,NaN,0,RightWithPellet,Left,2,7,15,0,NaN,NaN,0.01
03/01/2025 12:34:55.455,23.86,61.59,1.16.3,Free_feed,15,3.80,1,0,Pellet,Left,2,7,16,0,Timed_out,861,NaN
03/01/2025 12:35:01.784,23.83,61.57,1.16.3,Free_feed,15,3.80,NaN,0,PelletInWell,Left,2,7,16,0,NaN,NaN,NaN
03/01/2025 12:35:44.186,23.80,61.72,1.16.3,Free_feed,15,3.80,1,0,Pellet,Left,2,7,17,0,42.43,49,NaN
03/01/2025 12:35:50.548,23.78,61.71,1.16.3,Free_feed,15,3.80,NaN,0,PelletInWell,Left,2,7,17,0,NaN,NaN,NaN
03/01/2025 12:50:08.880,23.75,61.77,1.16.3,Free_feed,15,3.81,1,0,Pellet,Left,2,7,18,0,Timed_out,864,NaN
03/01/2025 12:50:15.208,23.75,61.73,1.16.3,Free_feed,15,3.82,NaN,0,PelletInWell,Left,2,7,18,0,NaN,NaN,NaN
03/01/2025 12:56:48.657,23.86,61.60,1.16.3,Free_feed,15,3.82,NaN,0,RightWithPellet,Left,2,8,18,0,NaN,NaN,0.03
03/01/2025 12:56:51.162,23.84,61.60,1.16.3,Free_feed,15,3.82,NaN,0,RightWithPellet,Left,2,9,18,0,NaN,NaN,0.04
03/01/2025 12:56:53.093,23.86,61.60,1.16.3,Free_feed,15,3.81,1,0,Pellet,Left,2,9,19,0,Timed_out,405,NaN
03/01/2025 12:56:59.010,23.85,61.60,1.16.3,Free_feed,15,3.81,NaN,0,PelletInWell,Left,2,9,19,0,NaN,NaN,NaN
03/01/2025 12:57:03.619,23.85,61.65,1.16.3,Free_feed,15,3.81,1,0,Pellet,Left,2,9,20,0,4.64,10,NaN
03/01/2025 12:57:10.030,23.83,61.69,1.16.3,Free_feed,15,3.82,NaN,0,PelletInWell,Left,2,9,20,0,NaN,NaN,NaN
03/01/2025 13:06:15.688,23.72,62.56,1.16.3,Free_feed,15,3.82,1,0,Pellet,Left,2,9,21,0,Timed_out,552,NaN
03/01/2025 13:06:22.038,23.72,62.57,1.16.3,Free_feed,15,3.82,NaN,0,PelletInWell,Left,2,9,21,0,NaN,NaN,NaN
03/01/2025 13:07:58.125,23.75,62.51,1.16.3,Free_feed,15,3.82,NaN,0,RightWithPellet,Left,2,10,21,0,NaN,NaN,0.02
03/01/2025 13:10:46.371,23.81,62.28,1.16.3,Free_feed,15,3.83,1,0,Pellet,Left,2,10,22,0,Timed_out,271,NaN
03/01/2025 13:10:52.751,23.81,62.26,1.16.3,Free_feed,15,3.82,NaN,0,PelletInWell,Left,2,10,22,0,NaN,NaN,NaN
03/01/2025 13:17:00.041,23.77,62.23,1.16.3,Free_feed,15,3.82,1,0,Pellet,Left,2,10,23,0,Timed_out,374,NaN
03/01/2025 13:17:06.358,23.79,62.25,1.16.3,Free_feed,15,3.83,NaN,0,PelletInWell,Left,2,10,23,0,NaN,NaN,NaN
03/01/2025 13:17:17.890,23.77,62.24,1.16.3,Free_feed,15,3.83,1,0,Pellet,Left,2,10,24,0,11.43,17,NaN
03/01/2025 13:17:24.206,23.75,62.27,1.16.3,Free_feed,15,3.82,NaN,0,PelletInWell,Left,2,10,24,0,NaN,NaN,NaN
03/01/2025 13:17:27.117,23.75,62.28,1.16.3,Free_feed,15,3.83,1,0,Pellet,Left,2,10,25,0,2.86,10,NaN
03/01/2025 13:17:33.442,23.75,62.27,1.16.3,Free_feed,15,3.83,NaN,0,PelletInWell,Left,2,10,25,0,NaN,NaN,NaN
03/01/2025 13:17:36.778,23.75,62.29,1.16.3,Free_feed,15,3.83,1,0,Pellet,Left,2,10,26,0,3.27,9,NaN
03/01/2025 13:17:43.096,23.74,62.27,1.16.3,Free_feed,15,3.82,NaN,0,PelletInWell,Left,2,10,26,0,NaN,NaN,NaN
03/01/2025 13:19:50.695,23.77,62.11,1.16.3,Free_feed,15,3.83,1,0,Pellet,Left,2,10,27,0,Timed_out,134,NaN
03/01/2025 13:19:57.039,23.81,62.11,1.16.3,Free_feed,15,3.83,NaN,0,PelletInWell,Left,2,10,27,0,NaN,NaN,NaN
03/01/2025 13:20:00.237,23.79,62.08,1.16.3,Free_feed,15,3.83,1,0,Pellet,Left,2,10,28,0,3.13,10,NaN
03/01/2025 13:20:06.152,23.80,62.06,1.16.3,Free_feed,15,3.83,NaN,0,PelletInWell,Left,2,10,28,0,NaN,NaN,NaN
03/01/2025 13:25:37.753,23.80,61.95,1.16.3,Free_feed,15,3.83,NaN,0,LeftWithPellet,Left,3,10,28,0,NaN,NaN,0.31
03/01/2025 13:25:40.262,23.81,61.95,1.16.3,Free_feed,15,3.83,1,0,Pellet,Left,3,10,29,0,Timed_out,340,NaN
03/01/2025 13:25:46.591,23.81,61.90,1.16.3,Free_feed,15,3.83,NaN,0,PelletInWell,Left,3,10,29,0,NaN,NaN,NaN
03/01/2025 13:51:08.164,23.84,62.52,1.16.3,Free_feed,15,3.85,1,0,Pellet,Left,3,10,30,0,Timed_out,1528,NaN
03/01/2025 13:51:14.481,23.82,62.51,1.16.3,Free_feed,15,3.85,NaN,0,PelletInWell,Left,3,10,30,0,NaN,NaN,NaN
03/01/2025 13:51:30.023,23.80,62.53,1.16.3,Free_feed,15,3.85,NaN,0,LeftWithPellet,Left,4,10,30,0,NaN,NaN,0.16
03/01/2025 13:54:09.699,23.82,62.57,1.16.3,Free_feed,15,3.86,1,0,Pellet,Left,4,10,31,0,Timed_out,181,NaN
03/01/2025 13:54:16.216,23.82,62.55,1.16.3,Free_feed,15,3.86,NaN,0,PelletInWell,Left,4,10,31,0,NaN,NaN,NaN
03/01/2025 13:57:28.811,23.83,62.51,1.16.3,Free_feed,15,3.86,1,0,Pellet,Left,4,10,32,0,Timed_out,199,NaN
03/01/2025 13:57:35.129,23.82,62.49,1.16.3,Free_feed,15,3.87,NaN,0,PelletInWell,Left,4,10,32,0,NaN,NaN,NaN
03/01/2025 13:58:49.234,23.82,62.52,1.16.3,Free_feed,15,3.86,1,0,Pellet,Left,4,10,33,0,Timed_out,81,NaN
03/01/2025 13:58:55.559,23.81,62.50,1.16.3,Free_feed,15,3.86,NaN,0,PelletInWell,Left,4,10,33,0,NaN,NaN,NaN
03/01/2025 13:59:25.324,23.80,62.53,1.16.3,Free_feed,15,3.86,1,0,Pellet,Left,4,10,34,0,29.65,36,NaN
03/01/2025 13:59:31.526,23.82,62.54,1.16.3,Free_feed,15,3.86,NaN,0,PelletInWell,Left,4,10,34,0,NaN,NaN,NaN
03/01/2025 13:59:54.730,23.81,62.55,1.16.3,Free_feed,15,3.86,1,0,Pellet,Left,4,10,35,0,23.18,29,NaN
03/01/2025 14:00:01.246,23.80,62.53,1.16.3,Free_feed,15,3.87,NaN,0,PelletInWell,Left,4,10,35,0,NaN,NaN,NaN
03/01/2025 14:00:07.362,23.80,62.54,1.16.3,Free_feed,15,3.86,2,0,Pellet,Left,4,10,36,0,6.08,13,NaN
03/01/2025 14:00:13.679,23.80,62.54,1.16.3,Free_feed,15,3.86,NaN,0,PelletInWell,Left,4,10,36,0,NaN,NaN,NaN
03/01/2025 14:01:47.596,23.81,62.47,1.16.3,Free_feed,15,3.87,1,0,Pellet,Left,4,10,37,0,Timed_out,100,NaN
03/01/2025 14:01:53.924,23.82,62.41,1.16.3,Free_feed,15,3.87,NaN,0,PelletInWell,Left,4,10,37,0,NaN,NaN,NaN
03/01/2025 14:05:46.521,23.77,62.47,1.16.3,Free_feed,15,3.87,1,0,Pellet,Left,4,10,38,0,Timed_out,239,NaN
03/01/2025 14:05:52.923,23.77,62.46,1.16.3,Free_feed,15,3.87,NaN,0,PelletInWell,Left,4,10,38,0,NaN,NaN,NaN
03/01/2025 14:07:13.992,23.79,62.55,1.16.3,Free_feed,15,3.87,1,0,Pellet,Left,4,10,39,0,Timed_out,88,NaN
03/01/2025 14:07:20.310,23.77,62.47,1.16.3,Free_feed,15,3.87,NaN,0,PelletInWell,Left,4,10,39,0,NaN,NaN,NaN
03/01/2025 14:15:45.631,23.77,62.68,1.16.3,Free_feed,15,3.87,1,0,Pellet,Left,4,10,40,0,Timed_out,511,NaN
03/01/2025 14:15:51.950,23.75,62.70,1.16.3,Free_feed,15,3.88,NaN,0,PelletInWell,Left,4,10,40,0,NaN,NaN,NaN
03/01/2025 14:15:52.253,23.78,62.67,1.16.3,Free_feed,15,3.88,1,0,Pellet,Left,4,10,41,0,0.26,7,NaN
03/01/2025 14:16:00.640,23.76,62.66,1.16.3,Free_feed,15,3.88,NaN,0,PelletInWell,Left,4,10,41,0,NaN,NaN,NaN
03/01/2025 14:22:53.847,23.82,62.29,1.16.3,Free_feed,15,3.88,2,0,Pellet,Left,4,10,42,0,Timed_out,422,NaN
03/01/2025 14:23:00.167,23.83,62.33,1.16.3,Free_feed,15,3.88,NaN,0,PelletInWell,Left,4,10,42,0,NaN,NaN,NaN
03/01/2025 14:34:13.628,23.77,62.55,1.16.3,Free_feed,15,3.89,1,0,Pellet,Left,4,10,43,0,Timed_out,679,NaN
03/01/2025 14:34:19.946,23.75,62.56,1.16.3,Free_feed,15,3.89,NaN,0,PelletInWell,Left,4,10,43,0,NaN,NaN,NaN
03/01/2025 14:34:34.490,23.77,62.49,1.16.3,Free_feed,15,3.89,1,0,Pellet,Left,4,10,44,0,14.51,21,NaN
03/01/2025 14:34:43.011,23.77,62.56,1.16.3,Free_feed,15,3.89,NaN,0,PelletInWell,Left,4,10,44,0,NaN,NaN,NaN
03/01/2025 14:35:08.988,23.77,62.38,1.16.3,Free_feed,15,3.89,2,0,Pellet,Left,4,10,45,0,25.98,35,NaN
03/01/2025 14:35:15.302,23.78,62.17,1.16.3,Free_feed,15,3.90,NaN,0,PelletInWell,Left,4,10,45,0,NaN,NaN,NaN
03/01/2025 14:35:24.836,23.78,62.30,1.16.3,Free_feed,15,3.89,1,0,Pellet,Left,4,10,46,0,9.51,16,NaN
03/01/2025 14:35:31.166,23.78,62.35,1.16.3,Free_feed,15,3.89,NaN,0,PelletInWell,Left,4,10,46,0,NaN,NaN,NaN
03/01/2025 14:35:42.105,23.79,62.36,1.16.3,Free_feed,15,3.90,NaN,0,RightWithPellet,Left,4,11,46,0,NaN,NaN,0.41
03/01/2025 14:35:44.815,23.78,62.30,1.16.3,Free_feed,15,3.90,NaN,0,RightWithPellet,Left,4,12,46,0,NaN,NaN,1.21
03/01/2025 14:35:46.121,23.78,62.29,1.16.3,Free_feed,15,3.89,1,0,Pellet,Left,4,12,47,0,14.83,21,NaN
03/01/2025 14:35:52.434,23.78,62.27,1.16.3,Free_feed,15,3.89,NaN,0,PelletInWell,Left,4,12,47,0,NaN,NaN,NaN
03/01/2025 14:35:59.802,23.78,62.18,1.16.3,Free_feed,15,3.89,1,0,Pellet,Left,4,12,48,0,7.38,14,NaN
03/01/2025 14:36:06.173,23.78,62.24,1.16.3,Free_feed,15,3.89,NaN,0,PelletInWell,Left,4,12,48,0,NaN,NaN,NaN
03/01/2025 14:36:13.292,23.80,62.19,1.16.3,Free_feed,15,3.89,1,0,Pellet,Left,4,12,49,0,7.04,13,NaN
03/01/2025 14:36:19.607,23.79,62.16,1.16.3,Free_feed,15,3.89,NaN,0,PelletInWell,Left,4,12,49,0,NaN,NaN,NaN
03/01/2025 15:04:10.154,23.76,62.37,1.16.3,Free_feed,15,3.93,1,0,Pellet,Left,4,12,50,0,Timed_out,1677,NaN
03/01/2025 15:04:16.559,23.75,62.37,1.16.3,Free_feed,15,3.92,NaN,0,PelletInWell,Left,4,12,50,0,NaN,NaN,NaN
03/01/2025 15:06:05.664,23.80,62.27,1.16.3,Free_feed,15,3.93,NaN,0,LeftWithPellet,Left,5,12,50,0,NaN,NaN,0.02
03/01/2025 15:06:07.985,23.78,62.27,1.16.3,Free_feed,15,3.91,1,0,Pellet,Left,5,12,51,0,Timed_out,118,NaN
03/01/2025 15:06:14.304,23.79,62.25,1.16.3,Free_feed,15,3.92,NaN,0,PelletInWell,Left,5,12,51,0,NaN,NaN,NaN
03/01/2025 15:09:53.888,23.75,62.75,1.16.3,Free_feed,15,3.93,1,0,Pellet,Left,5,12,52,0,Timed_out,226,NaN
03/01/2025 15:10:00.295,23.75,62.60,1.16.3,Free_feed,15,3.92,NaN,0,PelletInWell,Left,5,12,52,0,NaN,NaN,NaN
03/01/2025 15:10:06.613,23.75,62.62,1.16.3,Free_feed,15,3.92,1,0,Pellet,Left,5,12,53,0,6.22,13,NaN
03/01/2025 15:10:14.933,23.75,62.58,1.16.3,Free_feed,15,3.93,NaN,0,PelletInWell,Left,5,12,53,0,NaN,NaN,NaN
03/01/2025 15:34:25.767,23.76,63.25,1.16.3,Free_feed,15,3.94,2,0,Pellet,Left,5,12,54,0,Timed_out,1459,NaN
03/01/2025 15:34:32.105,23.73,63.22,1.16.3,Free_feed,15,3.94,NaN,0,PelletInWell,Left,5,12,54,0,NaN,NaN,NaN
03/01/2025 15:34:48.054,23.72,63.28,1.16.3,Free_feed,15,3.94,1,0,Pellet,Left,5,12,55,0,15.89,22,NaN
03/01/2025 15:34:56.444,23.70,63.25,1.16.3,Free_feed,15,3.94,NaN,0,PelletInWell,Left,5,12,55,0,NaN,NaN,NaN
03/01/2025 15:35:03.406,23.71,63.26,1.16.3,Free_feed,15,3.94,2,0,Pellet,Left,5,12,56,0,6.91,15,NaN
03/01/2025 15:35:09.795,23.72,63.26,1.16.3,Free_feed,15,3.94,NaN,0,PelletInWell,Left,5,12,56,0,NaN,NaN,NaN
03/01/2025 15:35:19.013,23.73,63.18,1.16.3,Free_feed,15,3.94,1,0,Pellet,Left,5,12,57,0,9.17,16,NaN
03/01/2025 15:35:25.341,23.73,63.22,1.16.3,Free_feed,15,3.94,NaN,0,PelletInWell,Left,5,12,57,0,NaN,NaN,NaN
03/01/2025 15:38:13.640,23.77,63.28,1.16.3,Free_feed,15,3.94,1,0,Pellet,Left,5,12,58,0,Timed_out,175,NaN
03/01/2025 15:38:20.050,23.76,63.30,1.16.3,Free_feed,15,3.94,NaN,0,PelletInWell,Left,5,12,58,0,NaN,NaN,NaN
03/01/2025 15:38:20.352,23.78,63.31,1.16.3,Free_feed,15,3.94,1,0,Pellet,Left,5,12,59,0,0.26,6,NaN
03/01/2025 15:38:26.668,23.76,63.25,1.16.3,Free_feed,15,3.94,NaN,0,PelletInWell,Left,5,12,59,0,NaN,NaN,NaN
03/01/2025 15:39:12.055,23.70,63.40,1.16.3,Free_feed,15,3.94,1,0,Pellet,Left,5,12,60,0,45.41,52,NaN
03/01/2025 15:39:18.374,23.72,63.40,1.16.3,Free_feed,15,3.94,NaN,0,PelletInWell,Left,5,12,60,0,NaN,NaN,NaN
03/01/2025 15:39:27.095,23.72,63.46,1.16.3,Free_feed,15,3.94,1,0,Pellet,Left,5,12,61,0,8.69,15,NaN
03/01/2025 15:39:33.489,23.72,63.40,1.16.3,Free_feed,15,3.95,NaN,0,PelletInWell,Left,5,12,61,0,NaN,NaN,NaN
03/01/2025 16:00:37.638,23.75,62.58,1.16.3,Free_feed,15,3.96,2,0,Pellet,Left,5,12,62,0,Timed_out,1271,NaN
03/01/2025 16:00:45.980,23.76,62.56,1.16.3,Free_feed,15,3.96,NaN,0,PelletInWell,Left,5,12,62,0,NaN,NaN,NaN
03/01/2025 16:00:49.492,23.75,62.56,1.16.3,Free_feed,15,3.96,2,0,Pellet,Left,5,12,63,0,3.41,12,NaN
03/01/2025 16:00:55.811,23.75,62.59,1.16.3,Free_feed,15,3.96,NaN,0,PelletInWell,Left,5,12,63,0,NaN,NaN,NaN
03/01/2025 16:01:05.024,23.75,62.56,1.16.3,Free_feed,15,3.96,1,0,Pellet,Left,5,12,64,0,9.16,15,NaN
03/01/2025 16:01:11.361,23.74,62.58,1.16.3,Free_feed,15,3.96,NaN,0,PelletInWell,Left,5,12,64,0,NaN,NaN,NaN
03/01/2025 16:01:23.311,23.73,62.60,1.16.3,Free_feed,15,3.96,1,0,Pellet,Left,5,12,65,0,11.90,18,NaN
03/01/2025 16:01:29.682,23.73,62.68,1.16.3,Free_feed,15,3.96,NaN,0,PelletInWell,Left,5,12,65,0,NaN,NaN,NaN
03/01/2025 16:01:42.320,23.75,62.67,1.16.3,Free_feed,15,3.96,1,0,Pellet,Left,5,12,66,0,12.59,19,NaN
03/01/2025 16:01:48.638,23.75,62.66,1.16.3,Free_feed,15,3.96,NaN,0,PelletInWell,Left,5,12,66,0,NaN,NaN,NaN
03/01/2025 16:06:38.108,23.76,62.72,1.16.3,Free_feed,15,3.96,1,0,Pellet,Left,5,12,67,0,Timed_out,296,NaN
03/01/2025 16:06:48.635,23.77,62.81,1.16.3,Free_feed,15,3.96,NaN,0,PelletInWell,Left,5,12,67,0,NaN,NaN,NaN
03/01/2025 16:06:51.944,23.76,62.79,1.16.3,Free_feed,15,3.96,3,0,Pellet,Left,5,12,68,0,3.21,14,NaN
03/01/2025 16:06:58.257,23.76,62.83,1.16.3,Free_feed,15,3.96,NaN,0,PelletInWell,Left,5,12,68,0,NaN,NaN,NaN
03/01/2025 16:06:58.423,23.79,62.82,1.16.3,Free_feed,15,3.96,1,0,Pellet,Left,5,12,69,0,0.26,7,NaN
03/01/2025 16:07:04.788,23.76,62.84,1.16.3,Free_feed,15,3.96,NaN,0,PelletInWell,Left,5,12,69,0,NaN,NaN,NaN
03/01/2025 17:11:48.409,23.66,63.69,1.16.3,Free_feed,15,4.00,NaN,0,RightWithPellet,Left,5,13,69,0,NaN,NaN,0.02
03/01/2025 17:12:13.372,23.66,63.71,1.16.3,Free_feed,15,4.00,NaN,0,RightWithPellet,Left,5,14,69,0,NaN,NaN,0.02
03/01/2025 17:12:15.677,23.64,63.71,1.16.3,Free_feed,15,4.01,1,0,Pellet,Left,5,14,70,0,Timed_out,3917,NaN
03/01/2025 17:12:21.994,23.66,63.73,1.16.3,Free_feed,15,4.01,NaN,0,PelletInWell,Left,5,14,70,0,NaN,NaN,NaN
03/01/2025 17:13:56.672,23.65,63.74,1.16.3,Free_feed,15,4.01,1,0,Pellet,Left,5,14,71,0,Timed_out,101,NaN
03/01/2025 17:14:02.995,23.65,63.74,1.16.3,Free_feed,15,4.01,NaN,0,PelletInWell,Left,5,14,71,0,NaN,NaN,NaN
03/01/2025 17:14:55.199,23.65,63.73,1.16.3,Free_feed,15,4.01,1,0,Pellet,Left,5,14,72,0,52.14,59,NaN
03/01/2025 17:15:01.517,23.66,63.76,1.16.3,Free_feed,15,4.02,NaN,0,PelletInWell,Left,5,14,72,0,NaN,NaN,NaN
03/01/2025 17:15:04.225,23.67,63.77,1.16.3,Free_feed,15,4.01,1,0,Pellet,Left,5,14,73,0,2.65,9,NaN
03/01/2025 17:15:14.630,23.65,63.80,1.16.3,Free_feed,15,4.01,NaN,0,PelletInWell,Left,5,14,73,0,NaN,NaN,NaN
03/01/2025 17:16:36.894,23.68,63.83,1.16.3,Free_feed,15,4.02,3,0,Pellet,Left,5,14,74,0,Timed_out,92,NaN
03/01/2025 17:16:43.215,23.66,63.86,1.16.3,Free_feed,15,4.02,NaN,0,PelletInWell,Left,5,14,74,0,NaN,NaN,NaN
03/01/2025 17:16:44.358,23.67,63.87,1.16.3,Free_feed,15,4.01,1,0,Pellet,Left,5,14,75,0,1.15,8,NaN
03/01/2025 17:16:50.680,23.66,63.83,1.16.3,Free_feed,15,4.02,NaN,0,PelletInWell,Left,5,14,75,0,NaN,NaN,NaN
03/01/2025 17:18:01.987,23.67,63.80,1.16.3,Free_feed,15,4.01,1,0,Pellet,Left,5,14,76,0,Timed_out,77,NaN
03/01/2025 17:18:08.326,23.67,63.80,1.16.3,Free_feed,15,4.02,NaN,0,PelletInWell,Left,5,14,76,0,NaN,NaN,NaN
03/01/2025 17:21:58.259,23.70,63.73,1.16.3,Free_feed,15,4.02,1,0,Pellet,Left,5,14,77,0,Timed_out,237,NaN
03/01/2025 17:22:04.071,23.70,63.74,1.16.3,Free_feed,15,4.02,NaN,0,PelletInWell,Left,5,14,77,0,NaN,NaN,NaN
03/01/2025 17:23:10.984,23.67,63.76,1.16.3,Free_feed,15,4.02,1,0,Pellet,Left,5,14,78,0,Timed_out,72,NaN
03/01/2025 17:23:17.305,23.67,63.76,1.16.3,Free_feed,15,4.02,NaN,0,PelletInWell,Left,5,14,78,0,NaN,NaN,NaN
03/01/2025 17:27:18.073,23.69,63.71,1.16.3,Free_feed,15,4.02,1,0,Pellet,Left,5,14,79,0,Timed_out,248,NaN
03/01/2025 17:27:26.597,23.69,63.75,1.16.3,Free_feed,15,4.02,NaN,0,PelletInWell,Left,5,14,79,0,NaN,NaN,NaN
03/01/2025 17:27:27.380,23.69,63.70,1.16.3,Free_feed,15,4.02,2,0,Pellet,Left,5,14,80,0,0.81,9,NaN
03/01/2025 17:27:33.744,23.69,63.73,1.16.3,Free_feed,15,4.02,NaN,0,PelletInWell,Left,5,14,80,0,NaN,NaN,NaN
03/01/2025 17:27:38.073,23.70,63.73,1.16.3,Free_feed,15,4.02,1,0,Pellet,Left,5,14,81,0,4.23,11,NaN
03/01/2025 17:27:44.397,23.69,63.73,1.16.3,Free_feed,15,4.02,NaN,0,PelletInWell,Left,5,14,81,0,NaN,NaN,NaN
03/01/2025 17:27:48.207,23.69,63.73,1.16.3,Free_feed,15,4.02,1,0,Pellet,Left,5,14,82,0,3.75,10,NaN
03/01/2025 17:27:54.552,23.68,63.76,1.16.3,Free_feed,15,4.02,NaN,0,PelletInWell,Left,5,14,82,0,NaN,NaN,NaN
03/01/2025 17:29:12.663,23.67,63.86,1.16.3,Free_feed,15,4.02,1,0,Pellet,Left,5,14,83,0,Timed_out,84,NaN
03/01/2025 17:29:19.012,23.66,63.85,1.16.3,Free_feed,15,4.02,NaN,0,PelletInWell,Left,5,14,83,0,NaN,NaN,NaN
03/01/2025 17:29:23.166,23.66,63.82,1.16.3,Free_feed,15,4.02,1,0,Pellet,Left,5,14,84,0,4.09,11,NaN
03/01/2025 17:29:29.489,23.67,63.84,1.16.3,Free_feed,15,4.02,NaN,0,PelletInWell,Left,5,14,84,0,NaN,NaN,NaN
03/01/2025 17:29:40.076,23.65,63.89,1.16.3,Free_feed,15,4.02,1,0,Pellet,Left,5,14,85,0,10.54,17,NaN
03/01/2025 17:29:46.428,23.66,63.86,1.16.3,Free_feed,15,4.03,NaN,0,PelletInWell,Left,5,14,85,0,NaN,NaN,NaN
03/01/2025 17:29:49.560,23.66,63.83,1.16.3,Free_feed,15,4.02,1,0,Pellet,Left,5,14,86,0,3.07,9,NaN
03/01/2025 17:29:55.878,23.66,63.84,1.16.3,Free_feed,15,4.02,NaN,0,PelletInWell,Left,5,14,86,0,NaN,NaN,NaN
03/01/2025 17:29:57.438,23.67,63.86,1.16.3,Free_feed,15,4.02,1,0,Pellet,Left,5,14,87,0,1.49,8,NaN
03/01/2025 17:30:05.838,23.66,63.89,1.16.3,Free_feed,15,4.02,NaN,0,PelletInWell,Left,5,14,87,0,NaN,NaN,NaN
03/01/2025 17:30:09.242,23.66,63.87,1.16.3,Free_feed,15,4.02,2,0,Pellet,Left,5,14,88,0,3.34,12,NaN
03/01/2025 17:30:15.605,23.69,63.86,1.16.3,Free_feed,15,4.02,NaN,0,PelletInWell,Left,5,14,88,0,NaN,NaN,NaN
03/01/2025 17:30:21.330,23.69,63.82,1.16.3,Free_feed,15,4.02,1,0,Pellet,Left,5,14,89,0,5.67,12,NaN
03/01/2025 17:30:27.687,23.69,63.75,1.16.3,Free_feed,15,4.02,NaN,0,PelletInWell,Left,5,14,89,0,NaN,NaN,NaN
03/01/2025 17:33:22.797,23.69,63.77,1.16.3,Free_feed,15,4.02,1,0,Pellet,Left,5,14,90,0,Timed_out,181,NaN
03/01/2025 17:33:29.129,23.70,63.78,1.16.3,Free_feed,15,4.02,NaN,0,PelletInWell,Left,5,14,90,0,NaN,NaN,NaN
03/01/2025 17:37:24.728,23.69,63.75,1.16.3,Free_feed,15,4.03,NaN,0,LeftWithPellet,Left,6,14,90,0,NaN,NaN,0.40
03/01/2025 17:37:25.632,23.70,63.74,1.16.3,Free_feed,15,4.03,NaN,0,LeftWithPellet,Left,7,14,90,0,NaN,NaN,0.41
03/01/2025 17:37:28.028,23.70,63.75,1.16.3,Free_feed,15,4.03,1,0,Pellet,Left,7,14,91,0,Timed_out,246,NaN
03/01/2025 17:37:34.410,23.69,63.75,1.16.3,Free_feed,15,4.03,NaN,0,PelletInWell,Left,7,14,91,0,NaN,NaN,NaN
03/01/2025 18:21:07.161,23.62,63.45,1.16.3,Free_feed,15,4.06,1,0,Pellet,Left,7,14,92,0,Timed_out,2619,NaN
03/01/2025 18:21:15.536,23.62,63.47,1.16.3,Free_feed,15,4.05,NaN,0,PelletInWell,Left,7,14,92,0,NaN,NaN,NaN
03/01/2025 18:21:21.651,23.62,63.46,1.16.3,Free_feed,15,4.06,2,0,Pellet,Left,7,14,93,0,6.01,14,NaN
03/01/2025 18:21:27.979,23.62,63.43,1.16.3,Free_feed,15,4.06,NaN,0,PelletInWell,Left,7,14,93,0,NaN,NaN,NaN
03/01/2025 18:21:36.509,23.61,63.45,1.16.3,Free_feed,15,4.06,1,0,Pellet,Left,7,14,94,0,8.48,15,NaN
03/01/2025 18:21:42.821,23.63,63.45,1.16.3,Free_feed,15,4.06,NaN,0,PelletInWell,Left,7,14,94,0,NaN,NaN,NaN
03/01/2025 18:21:43.123,23.63,63.44,1.16.3,Free_feed,15,4.05,1,0,Pellet,Left,7,14,95,0,0.26,7,NaN
03/01/2025 18:21:51.464,23.62,63.43,1.16.3,Free_feed,15,4.05,NaN,0,PelletInWell,Left,7,14,95,0,NaN,NaN,NaN
03/01/2025 18:21:53.974,23.62,63.44,1.16.3,Free_feed,15,4.05,2,0,Pellet,Left,7,14,96,0,2.38,11,NaN
03/01/2025 18:22:00.316,23.61,63.49,1.16.3,Free_feed,15,4.05,NaN,0,PelletInWell,Left,7,14,96,0,NaN,NaN,NaN
03/01/2025 18:22:10.285,23.62,63.51,1.16.3,Free_feed,15,4.06,1,0,Pellet,Left,7,14,97,0,9.92,16,NaN
03/01/2025 18:22:16.600,23.63,63.43,1.16.3,Free_feed,15,4.06,NaN,0,PelletInWell,Left,7,14,97,0,NaN,NaN,NaN
03/01/2025 18:25:13.057,23.62,63.38,1.16.3,Free_feed,15,4.05,1,0,Pellet,Left,7,14,98,0,Timed_out,183,NaN
03/01/2025 18:25:19.377,23.62,63.42,1.16.3,Free_feed,15,4.06,NaN,0,PelletInWell,Left,7,14,98,0,NaN,NaN,NaN
03/01/2025 18:25:22.964,23.61,63.39,1.16.3,Free_feed,15,4.06,1,0,Pellet,Left,7,14,99,0,3.54,10,NaN
03/01/2025 18:25:29.483,23.62,63.40,1.16.3,Free_feed,15,4.06,NaN,0,PelletInWell,Left,7,14,99,0,NaN,NaN,NaN
03/01/2025 18:25:32.684,23.62,63.36,1.16.3,Free_feed,15,4.06,2,0,Pellet,Left,7,14,100,0,3.20,9,NaN
03/01/2025 18:25:38.999,23.63,63.40,1.16.3,Free_feed,15,4.05,NaN,0,PelletInWell,Left,7,14,100,0,NaN,NaN,NaN
03/01/2025 18:25:46.314,23.63,63.42,1.16.3,Free_feed,15,4.06,1,0,Pellet,Left,7,14,101,0,7.24,14,NaN
03/01/2025 18:25:54.669,23.62,63.42,1.16.3,Free_feed,15,4.07,NaN,0,PelletInWell,Left,7,14,101,0,NaN,NaN,NaN
03/01/2025 18:27:32.579,23.64,63.31,1.16.3,Free_feed,15,4.07,2,0,Pellet,Left,7,14,102,0,Timed_out,106,NaN
03/01/2025 18:27:38.966,23.64,63.33,1.16.3,Free_feed,15,4.06,NaN,0,PelletInWell,Left,7,14,102,0,NaN,NaN,NaN
03/01/2025 18:27:45.086,23.64,63.33,1.16.3,Free_feed,15,4.07,1,0,Pellet,Left,7,14,103,0,6.01,13,NaN
03/01/2025 18:27:51.272,23.65,63.38,1.16.3,Free_feed,15,4.07,NaN,0,PelletInWell,Left,7,14,103,0,NaN,NaN,NaN
03/01/2025 18:27:55.183,23.64,63.31,1.16.3,Free_feed,15,4.06,1,0,Pellet,Left,7,14,104,0,3.75,10,NaN
03/01/2025 18:28:01.499,23.64,63.34,1.16.3,Free_feed,15,4.06,NaN,0,PelletInWell,Left,7,14,104,0,NaN,NaN,NaN
03/01/2025 18:28:06.285,23.64,63.33,1.16.3,Free_feed,15,4.06,1,0,Pellet,Left,7,14,105,0,4.78,11,NaN
03/01/2025 18:28:12.663,23.65,63.35,1.16.3,Free_feed,15,4.06,NaN,0,PelletInWell,Left,7,14,105,0,NaN,NaN,NaN
03/01/2025 18:28:20.991,23.64,63.32,1.16.3,Free_feed,15,4.06,1,0,Pellet,Left,7,14,106,0,8.27,15,NaN
03/01/2025 18:28:27.308,23.63,63.32,1.16.3,Free_feed,15,4.06,NaN,0,PelletInWell,Left,7,14,106,0,NaN,NaN,NaN
03/01/2025 18:32:31.871,23.69,63.24,1.16.3,Free_feed,15,4.07,1,0,Pellet,Left,7,14,107,0,Timed_out,251,NaN
03/01/2025 18:32:38.209,23.67,63.20,1.16.3,Free_feed,15,4.07,NaN,0,PelletInWell,Left,7,14,107,0,NaN,NaN,NaN
03/01/2025 18:52:39.631,23.60,63.37,1.16.3,Free_feed,15,4.08,1,0,Pellet,Left,7,14,108,0,Timed_out,1208,NaN
03/01/2025 18:52:56.566,23.60,63.43,1.16.3,Free_feed,15,4.08,NaN,0,PelletInWell,Left,7,14,108,0,NaN,NaN,NaN
03/01/2025 18:52:57.673,23.61,63.39,1.16.3,Free_feed,15,4.09,6,0,Pellet,Left,7,14,109,0,1.01,17,NaN
03/01/2025 18:53:06.221,23.61,63.40,1.16.3,Free_feed,15,4.08,NaN,0,PelletInWell,Left,7,14,109,0,NaN,NaN,NaN
03/01/2025 18:53:08.129,23.61,63.39,1.16.3,Free_feed,15,4.07,3,0,Pellet,Left,7,14,110,0,1.76,11,NaN
03/01/2025 18:53:14.485,23.61,63.41,1.16.3,Free_feed,15,4.08,NaN,0,PelletInWell,Left,7,14,110,0,NaN,NaN,NaN
03/01/2025 18:53:25.683,23.61,63.38,1.16.3,Free_feed,15,4.08,2,0,Pellet,Left,7,14,111,0,11.15,18,NaN
03/01/2025 18:53:35.408,23.61,63.36,1.16.3,Free_feed,15,4.08,NaN,0,PelletInWell,Left,7,14,111,0,NaN,NaN,NaN
03/01/2025 18:53:35.711,23.63,63.42,1.16.3,Free_feed,15,4.08,3,0,Pellet,Left,7,14,112,0,0.26,10,NaN
03/01/2025 18:53:42.631,23.61,63.35,1.16.3,Free_feed,15,4.07,NaN,0,PelletInWell,Left,7,14,112,0,NaN,NaN,NaN
03/01/2025 18:53:42.938,23.63,63.40,1.16.3,Free_feed,15,4.08,2,0,Pellet,Left,7,14,113,0,0.26,7,NaN
03/01/2025 18:53:51.461,23.61,63.37,1.16.3,Free_feed,15,4.07,NaN,0,PelletInWell,Left,7,14,113,0,NaN,NaN,NaN
03/01/2025 18:53:54.570,23.62,63.38,1.16.3,Free_feed,15,4.08,NaN,0,RightWithPellet,Left,7,15,113,0,NaN,NaN,0.69
03/01/2025 18:53:55.098,23.63,63.38,1.16.3,Free_feed,15,4.08,NaN,0,RightWithPellet,Left,7,16,113,0,NaN,NaN,0.04
03/01/2025 18:53:56.605,23.62,63.35,1.16.3,Free_feed,15,4.07,2,0,Pellet,Left,7,16,114,0,5.03,13,NaN
03/01/2025 18:54:02.928,23.61,63.40,1.16.3,Free_feed,15,4.09,NaN,0,PelletInWell,Left,7,16,114,0,NaN,NaN,NaN
03/01/2025 18:54:09.645,23.63,63.33,1.16.3,Free_feed,15,4.09,NaN,0,RightWithPellet,Left,7,17,114,0,NaN,NaN,0.48
03/01/2025 18:54:12.612,23.63,63.40,1.16.3,Free_feed,15,4.08,1,0,Pellet,Left,7,17,115,0,9.64,16,NaN
03/01/2025 18:54:18.957,23.64,63.34,1.16.3,Free_feed,15,4.08,NaN,0,PelletInWell,Left,7,17,115,0,NaN,NaN,NaN
03/01/2025 18:54:27.695,23.65,63.35,1.16.3,Free_feed,15,4.08,1,0,Pellet,Left,7,17,116,0,8.68,16,NaN
03/01/2025 18:54:34.026,23.65,63.35,1.16.3,Free_feed,15,4.09,NaN,0,PelletInWell,Left,7,17,116,0,NaN,NaN,NaN
03/01/2025 20:16:43.892,23.61,63.30,1.16.3,Free_feed,15,4.15,NaN,0,RightWithPellet,Left,7,18,116,0,NaN,NaN,0.26
03/01/2025 20:17:37.291,23.57,63.38,1.16.3,Free_feed,15,4.15,1,0,Pellet,Left,7,18,117,0,Timed_out,4989,NaN
03/01/2025 20:17:43.604,23.60,63.35,1.16.3,Free_feed,15,4.14,NaN,0,PelletInWell,Left,7,18,117,0,NaN,NaN,NaN
03/01/2025 20:18:21.200,23.59,63.38,1.16.3,Free_feed,15,4.15,1,0,Pellet,Left,7,18,118,0,37.59,44,NaN
03/01/2025 20:18:27.544,23.60,63.41,1.16.3,Free_feed,15,4.14,NaN,0,PelletInWell,Left,7,18,118,0,NaN,NaN,NaN
03/01/2025 20:18:30.061,23.61,63.37,1.16.3,Free_feed,15,4.15,1,0,Pellet,Left,7,18,119,0,2.38,9,NaN
03/01/2025 20:18:36.403,23.59,63.37,1.16.3,Free_feed,15,4.14,NaN,0,PelletInWell,Left,7,18,119,0,NaN,NaN,NaN
03/01/2025 20:18:43.522,23.60,63.37,1.16.3,Free_feed,15,4.14,1,0,Pellet,Left,7,18,120,0,6.97,14,NaN
03/01/2025 20:18:49.734,23.60,63.40,1.16.3,Free_feed,15,4.14,NaN,0,PelletInWell,Left,7,18,120,0,NaN,NaN,NaN
03/01/2025 20:18:54.847,23.60,63.43,1.16.3,Free_feed,15,4.14,1,0,Pellet,Left,7,18,121,0,5.05,11,NaN
03/01/2025 20:19:01.161,23.60,63.43,1.16.3,Free_feed,15,4.14,NaN,0,PelletInWell,Left,7,18,121,0,NaN,NaN,NaN
03/01/2025 20:19:05.672,23.61,63.43,1.16.3,Free_feed,15,4.14,1,0,Pellet,Left,7,18,122,0,4.37,11,NaN
03/01/2025 20:19:11.877,23.61,63.39,1.16.3,Free_feed,15,4.14,NaN,0,PelletInWell,Left,7,18,122,0,NaN,NaN,NaN
03/01/2025 20:19:20.068,23.60,63.43,1.16.3,Free_feed,15,4.15,1,0,Pellet,Left,7,18,123,0,8.14,14,NaN
03/01/2025 20:19:26.585,23.60,63.44,1.16.3,Free_feed,15,4.15,NaN,0,PelletInWell,Left,7,18,123,0,NaN,NaN,NaN
03/01/2025 20:19:29.895,23.59,63.44,1.16.3,Free_feed,15,4.14,1,0,Pellet,Left,7,18,124,0,3.34,10,NaN
03/01/2025 20:19:36.218,23.62,63.45,1.16.3,Free_feed,15,4.14,NaN,0,PelletInWell,Left,7,18,124,0,NaN,NaN,NaN
03/01/2025 20:19:41.811,23.63,63.45,1.16.3,Free_feed,15,4.15,1,0,Pellet,Left,7,18,125,0,5.53,12,NaN
03/01/2025 20:19:48.136,23.65,63.43,1.16.3,Free_feed,15,4.15,NaN,0,PelletInWell,Left,7,18,125,0,NaN,NaN,NaN
03/01/2025 20:44:06.410,23.59,63.71,1.16.3,Free_feed,15,4.17,NaN,0,RightWithPellet,Left,7,19,125,0,NaN,NaN,0.22
03/01/2025 21:42:14.066,23.53,63.03,1.16.3,Free_feed,15,4.22,1,0,Pellet,Left,7,19,126,0,Timed_out,4953,NaN
03/01/2025 21:42:20.413,23.52,62.99,1.16.3,Free_feed,15,4.21,NaN,0,PelletInWell,Left,7,19,126,0,NaN,NaN,NaN
03/01/2025 21:46:04.739,23.66,62.58,1.16.3,Free_feed,15,4.22,1,0,Pellet,Left,7,19,127,0,Timed_out,230,NaN
03/01/2025 21:46:11.097,23.66,62.56,1.16.3,Free_feed,15,4.22,NaN,0,PelletInWell,Left,7,19,127,0,NaN,NaN,NaN
03/01/2025 21:46:39.277,23.68,62.49,1.16.3,Free_feed,15,4.22,1,0,Pellet,Left,7,19,128,0,28.06,35,NaN
03/01/2025 21:46:45.469,23.69,62.45,1.16.3,Free_feed,15,4.22,NaN,0,PelletInWell,Left,7,19,128,0,NaN,NaN,NaN
03/01/2025 21:48:10.256,23.67,62.47,1.16.3,Free_feed,15,4.22,NaN,0,RightWithPellet,Left,7,20,128,0,NaN,NaN,0.06
03/01/2025 21:48:11.561,23.67,62.47,1.16.3,Free_feed,15,4.22,1,0,Pellet,Left,7,20,129,0,Timed_out,92,NaN
03/01/2025 21:48:17.880,23.68,62.47,1.16.3,Free_feed,15,4.22,NaN,0,PelletInWell,Left,7,20,129,0,NaN,NaN,NaN
03/01/2025 21:48:19.585,23.67,62.46,1.16.3,Free_feed,15,4.22,1,0,Pellet,Left,7,20,130,0,1.56,8,NaN
03/01/2025 21:48:25.907,23.68,62.52,1.16.3,Free_feed,15,4.22,NaN,0,PelletInWell,Left,7,20,130,0,NaN,NaN,NaN
03/01/2025 21:48:28.614,23.68,62.53,1.16.3,Free_feed,15,4.22,1,0,Pellet,Left,7,20,131,0,2.58,9,NaN
03/01/2025 21:48:34.931,23.68,62.49,1.16.3,Free_feed,15,4.22,NaN,0,PelletInWell,Left,7,20,131,0,NaN,NaN,NaN
03/01/2025 21:48:38.640,23.68,62.54,1.16.3,Free_feed,15,4.22,1,0,Pellet,Left,7,20,132,0,3.62,10,NaN
03/01/2025 21:48:46.968,23.65,62.58,1.16.3,Free_feed,15,4.22,NaN,0,PelletInWell,Left,7,20,132,0,NaN,NaN,NaN
03/01/2025 21:48:48.107,23.64,62.59,1.16.3,Free_feed,15,4.22,2,0,Pellet,Left,7,20,133,0,1.08,10,NaN
03/01/2025 21:48:56.491,23.64,62.59,1.16.3,Free_feed,15,4.22,NaN,0,PelletInWell,Left,7,20,133,0,NaN,NaN,NaN
03/01/2025 21:49:00.853,23.63,62.62,1.16.3,Free_feed,15,4.22,2,0,Pellet,Left,7,20,134,0,4.30,12,NaN
03/01/2025 21:49:07.167,23.62,62.61,1.16.3,Free_feed,15,4.22,NaN,0,PelletInWell,Left,7,20,134,0,NaN,NaN,NaN
03/01/2025 21:49:12.314,23.63,62.59,1.16.3,Free_feed,15,4.22,1,0,Pellet,Left,7,20,135,0,5.12,12,NaN
03/01/2025 21:49:18.686,23.62,62.63,1.16.3,Free_feed,15,4.22,NaN,0,PelletInWell,Left,7,20,135,0,NaN,NaN,NaN
03/01/2025 21:50:24.145,23.59,62.66,1.16.3,Free_feed,15,4.23,NaN,0,RightWithPellet,Left,7,21,135,0,NaN,NaN,0.00
03/01/2025 22:19:22.365,23.40,63.13,1.16.3,Free_feed,15,4.23,1,0,Pellet,Left,7,21,136,0,Timed_out,1810,NaN
03/01/2025 22:19:28.695,23.38,63.10,1.16.3,Free_feed,15,4.22,NaN,0,PelletInWell,Left,7,21,136,0,NaN,NaN,NaN
03/01/2025 22:20:09.704,23.37,63.21,1.16.3,Free_feed,15,4.22,1,0,Pellet,Left,7,21,137,0,41.00,47,NaN
03/01/2025 22:20:16.022,23.35,63.19,1.16.3,Free_feed,15,4.22,NaN,0,PelletInWell,Left,7,21,137,0,NaN,NaN,NaN
03/01/2025 22:20:25.418,23.35,63.22,1.16.3,Free_feed,15,4.22,1,0,Pellet,Left,7,21,138,0,9.37,16,NaN
03/01/2025 22:20:31.779,23.33,63.27,1.16.3,Free_feed,15,4.22,NaN,0,PelletInWell,Left,7,21,138,0,NaN,NaN,NaN
03/01/2025 22:20:34.363,23.34,63.27,1.16.3,Free_feed,15,4.23,1,0,Pellet,Left,7,21,139,0,2.52,9,NaN
03/01/2025 22:20:40.705,23.32,63.30,1.16.3,Free_feed,15,4.23,NaN,0,PelletInWell,Left,7,21,139,0,NaN,NaN,NaN
03/01/2025 22:20:47.877,23.30,63.36,1.16.3,Free_feed,15,4.22,1,0,Pellet,Left,7,21,140,0,7.11,14,NaN
03/01/2025 22:20:56.270,23.31,63.39,1.16.3,Free_feed,15,4.22,NaN,0,PelletInWell,Left,7,21,140,0,NaN,NaN,NaN
03/01/2025 22:20:57.776,23.31,63.34,1.16.3,Free_feed,15,4.22,2,0,Pellet,Left,7,21,141,0,1.42,9,NaN
03/01/2025 22:21:04.135,23.29,63.43,1.16.3,Free_feed,15,4.23,NaN,0,PelletInWell,Left,7,21,141,0,NaN,NaN,NaN
03/01/2025 22:21:07.746,23.28,63.39,1.16.3,Free_feed,15,4.22,1,0,Pellet,Left,7,21,142,0,3.55,10,NaN
03/01/2025 22:21:14.124,23.28,63.44,1.16.3,Free_feed,15,4.22,NaN,0,PelletInWell,Left,7,21,142,0,NaN,NaN,NaN
03/01/2025 22:21:20.839,23.28,63.46,1.16.3,Free_feed,15,4.22,1,0,Pellet,Left,7,21,143,0,6.63,14,NaN
03/01/2025 22:21:27.158,23.26,63.49,1.16.3,Free_feed,15,4.22,NaN,0,PelletInWell,Left,7,21,143,0,NaN,NaN,NaN
03/01/2025 22:21:37.085,23.26,63.48,1.16.3,Free_feed,15,4.22,NaN,0,RightWithPellet,Left,7,22,143,0,NaN,NaN,0.48
03/01/2025 22:21:37.481,23.27,63.49,1.16.3,Free_feed,15,4.22,NaN,0,RightWithPellet,Left,7,23,143,0,NaN,NaN,0.04
03/01/2025 23:00:27.020,23.36,62.74,1.16.3,Free_feed,15,4.22,1,0,Pellet,Left,7,23,144,0,Timed_out,2346,NaN
03/01/2025 23:00:33.414,23.34,62.75,1.16.3,Free_feed,15,4.23,NaN,0,PelletInWell,Left,7,23,144,0,NaN,NaN,NaN
03/01/2025 23:00:40.930,23.32,62.80,1.16.3,Free_feed,15,4.23,1,0,Pellet,Left,7,23,145,0,7.45,14,NaN
03/01/2025 23:00:47.248,23.32,62.84,1.16.3,Free_feed,15,4.22,NaN,0,PelletInWell,Left,7,23,145,0,NaN,NaN,NaN
03/01/2025 23:00:52.764,23.30,62.88,1.16.3,Free_feed,15,4.22,1,0,Pellet,Left,7,23,146,0,5.40,12,NaN
03/01/2025 23:01:01.173,23.28,62.89,1.16.3,Free_feed,15,4.22,NaN,0,PelletInWell,Left,7,23,146,0,NaN,NaN,NaN
03/01/2025 23:01:01.912,23.28,62.92,1.16.3,Free_feed,15,4.23,2,0,Pellet,Left,7,23,147,0,0.67,9,NaN
03/01/2025 23:01:08.225,23.27,62.92,1.16.3,Free_feed,15,4.23,NaN,0,PelletInWell,Left,7,23,147,0,NaN,NaN,NaN
03/01/2025 23:01:20.952,23.24,62.98,1.16.3,Free_feed,15,4.22,1,0,Pellet,Left,7,23,148,0,12.66,19,NaN
03/01/2025 23:01:27.273,23.24,62.95,1.16.3,Free_feed,15,4.22,NaN,0,PelletInWell,Left,7,23,148,0,NaN,NaN,NaN
03/01/2025 23:01:29.381,23.23,62.96,1.16.3,Free_feed,15,4.22,1,0,Pellet,Left,7,23,149,0,1.97,8,NaN
03/01/2025 23:01:35.696,23.23,62.99,1.16.3,Free_feed,15,4.23,NaN,0,PelletInWell,Left,7,23,149,0,NaN,NaN,NaN
03/01/2025 23:01:40.482,23.23,62.95,1.16.3,Free_feed,15,4.22,1,0,Pellet,Left,7,23,150,0,4.78,11,NaN
03/01/2025 23:01:47.005,23.23,62.94,1.16.3,Free_feed,15,4.22,NaN,0,PelletInWell,Left,7,23,150,0,NaN,NaN,NaN
03/01/2025 23:01:52.120,23.24,62.94,1.16.3,Free_feed,15,4.22,1,0,Pellet,Left,7,23,151,0,5.12,12,NaN
03/01/2025 23:01:58.438,23.25,62.93,1.16.3,Free_feed,15,4.22,NaN,0,PelletInWell,Left,7,23,151,0,NaN,NaN,NaN
03/01/2025 23:02:10.367,23.24,62.98,1.16.3,Free_feed,15,4.22,NaN,0,LeftWithPellet,Left,8,23,151,0,NaN,NaN,0.39
03/01/2025 23:02:10.870,23.24,63.01,1.16.3,Free_feed,15,4.23,NaN,0,LeftWithPellet,Left,9,23,151,0,NaN,NaN,0.13
03/01/2025 23:02:16.806,23.23,62.99,1.16.3,Free_feed,15,4.22,NaN,0,LeftWithPellet,Left,10,23,151,0,NaN,NaN,0.82
03/01/2025 23:02:20.915,23.24,62.99,1.16.3,Free_feed,15,4.22,1,0,Pellet,Left,10,23,152,0,22.46,29,NaN
03/01/2025 23:02:22.620,23.24,62.99,1.16.3,Free_feed,15,4.22,NaN,0,RightinTimeout,Left,10,24,152,0,NaN,NaN,0.18
03/01/2025 23:02:26.731,23.24,62.97,1.16.3,Free_feed,15,4.23,NaN,0,PelletInWell,Left,10,24,152,0,NaN,NaN,NaN
03/01/2025 23:03:33.216,23.17,63.16,1.16.3,Free_feed,15,4.22,NaN,0,LeftWithPellet,Left,11,24,152,0,NaN,NaN,0.12
03/01/2025 23:32:02.906,23.09,63.52,1.16.3,Free_feed,15,4.22,1,0,Pellet,Left,11,24,153,0,Timed_out,1782,NaN
03/01/2025 23:32:09.225,23.09,63.49,1.16.3,Free_feed,15,4.22,NaN,0,PelletInWell,Left,11,24,153,0,NaN,NaN,NaN
03/01/2025 23:32:16.184,23.08,63.51,1.16.3,Free_feed,15,4.23,1,0,Pellet,Left,11,24,154,0,6.91,13,NaN
03/01/2025 23:32:22.571,23.08,63.55,1.16.3,Free_feed,15,4.23,NaN,0,PelletInWell,Left,11,24,154,0,NaN,NaN,NaN
03/01/2025 23:32:28.787,23.07,63.52,1.16.3,Free_feed,15,4.22,1,0,Pellet,Left,11,24,155,0,6.15,13,NaN
03/01/2025 23:32:35.126,23.08,63.55,1.16.3,Free_feed,15,4.22,NaN,0,PelletInWell,Left,11,24,155,0,NaN,NaN,NaN
03/01/2025 23:32:37.647,23.07,63.54,1.16.3,Free_feed,15,4.23,1,0,Pellet,Left,11,24,156,0,2.46,9,NaN
03/01/2025 23:32:43.985,23.06,63.58,1.16.3,Free_feed,15,4.22,NaN,0,PelletInWell,Left,11,24,156,0,NaN,NaN,NaN
03/01/2025 23:32:49.901,23.05,63.55,1.16.3,Free_feed,15,4.22,1,0,Pellet,Left,11,24,157,0,5.81,12,NaN
03/01/2025 23:33:00.428,23.06,63.61,1.16.3,Free_feed,15,4.22,NaN,0,PelletInWell,Left,11,24,157,0,NaN,NaN,NaN
03/01/2025 23:33:04.572,23.06,63.62,1.16.3,Free_feed,15,4.22,3,0,Pellet,Left,11,24,158,0,4.17,15,NaN
03/01/2025 23:33:10.892,23.07,63.61,1.16.3,Free_feed,15,4.23,NaN,0,PelletInWell,Left,11,24,158,0,NaN,NaN,NaN
03/02/2025 00:38:49.012,23.30,63.09,1.16.3,Free_feed,15,4.22,1,0,Pellet,Left,11,24,159,0,Timed_out,3944,NaN
03/02/2025 00:38:55.357,23.28,63.07,1.16.3,Free_feed,15,4.23,NaN,0,PelletInWell,Left,11,24,159,0,NaN,NaN,NaN
03/02/2025 00:39:03.906,23.30,63.12,1.16.3,Free_feed,15,4.22,1,0,Pellet,Left,11,24,160,0,8.48,15,NaN
03/02/2025 00:39:10.301,23.28,63.16,1.16.3,Free_feed,15,4.22,NaN,0,PelletInWell,Left,11,24,160,0,NaN,NaN,NaN
03/02/2025 00:39:16.816,23.27,63.15,1.16.3,Free_feed,15,4.22,1,0,Pellet,Left,11,24,161,0,6.43,13,NaN
03/02/2025 00:39:23.133,23.25,63.21,1.16.3,Free_feed,15,4.22,NaN,0,PelletInWell,Left,11,24,161,0,NaN,NaN,NaN
03/02/2025 00:39:29.246,23.25,63.22,1.16.3,Free_feed,15,4.22,1,0,Pellet,Left,11,24,162,0,6.01,12,NaN
03/02/2025 00:39:35.563,23.24,63.27,1.16.3,Free_feed,15,4.22,NaN,0,PelletInWell,Left,11,24,162,0,NaN,NaN,NaN
03/02/2025 00:39:41.140,23.23,63.28,1.16.3,Free_feed,15,4.22,1,0,Pellet,Left,11,24,163,0,5.54,12,NaN
03/02/2025 00:39:47.661,23.23,63.33,1.16.3,Free_feed,15,4.22,NaN,0,PelletInWell,Left,11,24,163,0,NaN,NaN,NaN
03/02/2025 00:40:25.338,23.20,63.32,1.16.3,Free_feed,15,4.22,2,0,Pellet,Left,11,24,164,0,37.71,45,NaN
03/02/2025 00:40:31.689,23.23,63.33,1.16.3,Free_feed,15,4.22,NaN,0,PelletInWell,Left,11,24,164,0,NaN,NaN,NaN
03/02/2025 00:40:35.600,23.22,63.32,1.16.3,Free_feed,15,4.22,1,0,Pellet,Left,11,24,165,0,3.82,10,NaN
03/02/2025 00:40:41.914,23.21,63.30,1.16.3,Free_feed,15,4.22,NaN,0,PelletInWell,Left,11,24,165,0,NaN,NaN,NaN
03/02/2025 00:40:45.023,23.21,63.33,1.16.3,Free_feed,15,4.22,1,0,Pellet,Left,11,24,166,0,3.00,9,NaN
03/02/2025 00:40:51.336,23.22,63.33,1.16.3,Free_feed,15,4.22,NaN,0,PelletInWell,Left,11,24,166,0,NaN,NaN,NaN
03/02/2025 00:40:57.452,23.20,63.35,1.16.3,Free_feed,15,4.22,1,0,Pellet,Left,11,24,167,0,6.01,13,NaN
03/02/2025 00:41:03.770,23.19,63.35,1.16.3,Free_feed,15,4.22,NaN,0,PelletInWell,Left,11,24,167,0,NaN,NaN,NaN
03/02/2025 00:41:07.354,23.20,63.36,1.16.3,Free_feed,15,4.22,1,0,Pellet,Left,11,24,168,0,3.55,10,NaN
03/02/2025 00:41:13.706,23.20,63.34,1.16.3,Free_feed,15,4.22,NaN,0,PelletInWell,Left,11,24,168,0,NaN,NaN,NaN
03/02/2025 00:41:19.716,23.19,63.32,1.16.3,Free_feed,15,4.22,NaN,0,RightWithPellet,Left,11,25,168,0,NaN,NaN,0.60
03/02/2025 00:41:23.842,23.18,63.35,1.16.3,Free_feed,15,4.22,NaN,0,LeftWithPellet,Left,12,25,168,0,NaN,NaN,0.56
03/02/2025 03:06:15.075,23.17,63.37,1.16.3,Free_feed,15,4.22,NaN,0,LeftWithPellet,Left,13,25,168,0,NaN,NaN,0.63
03/02/2025 03:06:17.180,23.16,63.39,1.16.3,Free_feed,15,4.22,1,0,Pellet,Left,13,25,169,0,Timed_out,8710,NaN
03/02/2025 03:06:23.494,23.16,63.37,1.16.3,Free_feed,15,4.22,NaN,0,PelletInWell,Left,13,25,169,0,NaN,NaN,NaN
03/02/2025 03:06:37.289,23.17,63.44,1.16.3,Free_feed,15,4.22,1,0,Pellet,Left,13,25,170,0,13.78,20,NaN
03/02/2025 03:06:43.677,23.16,63.42,1.16.3,Free_feed,15,4.22,NaN,0,PelletInWell,Left,13,25,170,0,NaN,NaN,NaN
03/02/2025 03:06:49.390,23.16,63.43,1.16.3,Free_feed,15,4.22,1,0,Pellet,Left,13,25,171,0,5.61,12,NaN
03/02/2025 03:06:55.705,23.15,63.43,1.16.3,Free_feed,15,4.22,NaN,0,PelletInWell,Left,13,25,171,0,NaN,NaN,NaN
03/02/2025 03:07:01.419,23.14,63.44,1.16.3,Free_feed,15,4.22,1,0,Pellet,Left,13,25,172,0,5.67,12,NaN
03/02/2025 03:07:07.763,23.13,63.45,1.16.3,Free_feed,15,4.22,NaN,0,PelletInWell,Left,13,25,172,0,NaN,NaN,NaN
03/02/2025 03:07:15.091,23.11,63.49,1.16.3,Free_feed,15,4.22,1,0,Pellet,Left,13,25,173,0,7.18,14,NaN
03/02/2025 03:07:23.457,23.10,63.54,1.16.3,Free_feed,15,4.22,NaN,0,PelletInWell,Left,13,25,173,0,NaN,NaN,NaN
03/02/2025 05:58:38.783,23.31,63.60,1.16.3,Free_feed,15,4.22,2,0,Pellet,Left,13,25,174,0,Timed_out,10284,NaN
03/02/2025 05:58:45.159,23.33,63.59,1.16.3,Free_feed,15,4.22,NaN,0,PelletInWell,Left,13,25,174,0,NaN,NaN,NaN
03/02/2025 05:58:52.683,23.32,63.62,1.16.3,Free_feed,15,4.21,1,0,Pellet,Left,13,25,175,0,7.46,14,NaN
03/02/2025 05:58:59.009,23.33,63.61,1.16.3,Free_feed,15,4.22,NaN,0,PelletInWell,Left,13,25,175,0,NaN,NaN,NaN
03/02/2025 05:59:07.938,23.32,63.64,1.16.3,Free_feed,15,4.22,1,0,Pellet,Left,13,25,176,0,8.90,16,NaN
03/02/2025 05:59:14.314,23.33,63.63,1.16.3,Free_feed,15,4.22,NaN,0,PelletInWell,Left,13,25,176,0,NaN,NaN,NaN
03/02/2025 05:59:18.625,23.31,63.62,1.16.3,Free_feed,15,4.22,1,0,Pellet,Left,13,25,177,0,4.17,10,NaN
03/02/2025 05:59:24.945,23.33,63.64,1.16.3,Free_feed,15,4.22,NaN,0,PelletInWell,Left,13,25,177,0,NaN,NaN,NaN
03/02/2025 05:59:33.865,23.33,63.60,1.16.3,Free_feed,15,4.22,1,0,Pellet,Left,13,25,178,0,8.76,15,NaN
03/02/2025 05:59:40.204,23.33,63.60,1.16.3,Free_feed,15,4.22,NaN,0,PelletInWell,Left,13,25,178,0,NaN,NaN,NaN
03/02/2025 05:59:49.727,23.34,63.62,1.16.3,Free_feed,15,4.22,1,0,Pellet,Left,13,25,179,0,9.38,16,NaN
03/02/2025 05:59:55.847,23.34,63.60,1.16.3,Free_feed,15,4.22,NaN,0,PelletInWell,Left,13,25,179,0,NaN,NaN,NaN
03/02/2025 06:00:01.038,23.31,63.60,1.16.3,Free_feed,15,4.22,1,0,Pellet,Left,13,25,180,0,5.13,12,NaN
03/02/2025 06:00:07.404,23.32,63.59,1.16.3,Free_feed,15,4.22,NaN,0,PelletInWell,Left,13,25,180,0,NaN,NaN,NaN
03/02/2025 07:39:39.182,23.19,64.20,1.16.3,Free_feed,15,4.22,1,0,Pellet,Left,13,25,181,0,Timed_out,5978,NaN
03/02/2025 07:39:45.501,23.19,64.18,1.16.3,Free_feed,15,4.22,NaN,0,PelletInWell,Left,13,25,181,0,NaN,NaN,NaN
03/02/2025 07:39:53.617,23.17,64.16,1.16.3,Free_feed,15,4.22,1,0,Pellet,Left,13,25,182,0,8.00,15,NaN
03/02/2025 07:39:59.939,23.16,64.18,1.16.3,Free_feed,15,4.22,NaN,0,PelletInWell,Left,13,25,182,0,NaN,NaN,NaN
03/02/2025 07:40:03.646,23.16,64.15,1.16.3,Free_feed,15,4.22,1,0,Pellet,Left,13,25,183,0,3.62,10,NaN
03/02/2025 07:40:10.005,23.17,64.21,1.16.3,Free_feed,15,4.22,NaN,0,PelletInWell,Left,13,25,183,0,NaN,NaN,NaN
03/02/2025 07:40:19.125,23.19,64.16,1.16.3,Free_feed,15,4.22,1,0,Pellet,Left,13,25,184,0,8.96,15,NaN
03/02/2025 07:40:25.334,23.21,64.18,1.16.3,Free_feed,15,4.22,NaN,0,PelletInWell,Left,13,25,184,0,NaN,NaN,NaN
03/02/2025 07:40:31.850,23.20,64.15,1.16.3,Free_feed,15,4.22,1,0,Pellet,Left,13,25,185,0,6.36,13,NaN
03/02/2025 07:40:38.164,23.19,64.13,1.16.3,Free_feed,15,4.22,NaN,0,PelletInWell,Left,13,25,185,0,NaN,NaN,NaN
03/02/2025 07:40:46.093,23.20,64.12,1.16.3,Free_feed,15,4.22,1,0,Pellet,Left,13,25,186,0,7.87,14,NaN
03/02/2025 07:40:52.409,23.18,64.18,1.16.3,Free_feed,15,4.22,NaN,0,PelletInWell,Left,13,25,186,0,NaN,NaN,NaN
03/02/2025 07:41:01.971,23.19,64.20,1.16.3,Free_feed,15,4.22,1,0,Pellet,Left,13,25,187,0,9.51,16,NaN
03/02/2025 07:41:08.313,23.19,64.20,1.16.3,Free_feed,15,4.22,NaN,0,PelletInWell,Left,13,25,187,0,NaN,NaN,NaN
